PO Line,Line Type,Job No,Project No,Project Line No,Equipment,Mechanic,Item Code,Serial Number,Description,GST code,Tax,Sup Item,Unit,Qty Ord,Unit Cost,Price Incl,Disc,Line Total,GST value,Qty Received,Qty Invoiced,Major Code,Minor Code,Account Code,Account Description,Sub Account Code,GL Code,Selected,Line Status,Po ETA,Capex Type,Equipment Type,Capex Branch,Capex Number,RFQ ID Link,RFQ Line No Link,Foreign Currency,Foreign Currency Tax Amount,Line Total Foreign Currency,Pre-Delivery ID,Sales Order No,Line No,Part Issue No,Equipment,Hire No,Rental Line No,Sub Line Type,Property ID,Outgoings ID,UOM Code,Factor,SXSurcharge Percen,Branch,PO Processing Sequence Type ID,Processing Sequence,Apply Settlement Discount,Sell Price
2,O,,,,,,,,Quote: Q6128 - 3000 Ltr Free Drinking Water Tank,G,0.1,,,1,2450,2695,0,2695,245,1,1,201,KINP,2144,Consumables - Held for Resale,0,201.KINP.2144.0,False,,,,,,,,,,,,,,,,,,,C,,,,,,,2,Receipt First,False,
3,O,,,,,,,,Quote: Q6128 - Freight,G,0.1,,,2,180,198,0,396,36,2,2,201,KINP,2144,Consumables - Held for Resale,0,201.KINP.2144.0,False,,,,,,,,,,,,,,,,,,,C,,,,,,,2,Receipt First,True,
1,O,,,,,,,,Quote: Q6128 - Water deliveries,G,0.1,,,1,1800,1980,0,1980,180,1,1,201,KINP,2144,Consumables - Held for Resale,0,201.KINP.2144.0,False,,,,,,,,,,,,,,,,,,,C,,,,,,,2,Receipt First,True,
7,O,,,,,,,,Quote: Q6127 - 16 Pan Toilet Block,G,0.1,,,1,2750,3025,0,3025,275,1,1,201,KINP,2127,Re-hire Manual Costs,0,201.KINP.2127.0,False,,,,,,,,,,,,,,,,,,,S,,,,,,,2,Receipt First,True,
1,O,,,,,,,,Quote: Q6127 - 259 Fleet Fresh Flush Toilet,G,0.1,,,1,27195,29914.5,0,29914.5,2719.5,1,1,201,KINP,2127,Re-hire Manual Costs,0,201.KINP.2127.0,False,,,,,,,,,,,,,,,,,,,S,,,,,,,2,Receipt First,True,
6,O,,,,,,,,Quote: Q6127 - 3 VIP 5 Star Combo Toilet Block,G,0.1,,,1,8250,9075,0,9075,825,1,1,201,KINP,2127,Re-hire Manual Costs,0,201.KINP.2127.0,False,,,,,,,,,,,,,,,,,,,S,,,,,,,2,Receipt First,True,
4,O,,,,,,,,Quote: Q6127 - 4 Comfort in Accessible Toilet,G,0.1,,,1,1400,1540,0,1540,140,1,1,201,KINP,2127,Re-hire Manual Costs,0,201.KINP.2127.0,False,,,,,,,,,,,,,,,,,,,S,,,,,,,2,Receipt First,True,
5,O,,,,,,,,Quote: Q6127 - 6 Pee Panel,G,0.1,,,1,2700,2970,0,2970,270,1,1,201,KINP,2127,Re-hire Manual Costs,0,201.KINP.2127.0,False,,,,,,,,,,,,,,,,,,,S,,,,,,,2,Receipt First,True,
3,O,,,,,,,,Quote: Q6128 - Freight,G,0.1,,,2,1000,1100,0,2200,200,2,2,201,KINP,2144,Consumables - Held for Resale,0,201.KINP.2144.0,False,,,,,,,,,,,,,,,,,,,C,,,,,,,2,Receipt First,True,
10,O,,,,,,,,Quote: Q6289 - 1 Water Truck,G,0.1,,,1,6800,7480,0,7480,680,1,1,201,KINP,3325,Toliet Pumpout Costs,0,201.KINP.3325.0,False,,,,,,,,,,,,,,,,,,,C,,,,,,,2,Receipt First,True,
3,O,,,,,,,,Quote: Q6289 - 17 Toilet Block Cleaning,G,0.1,,,1,2805,3085.5,0,3085.5,280.5,1,1,201,KINP,3325,Toliet Pumpout Costs,0,201.KINP.3325.0,False,,,,,,,,,,,,,,,,,,,C,,,,,,,2,Receipt First,True,
6,O,,,,,,,,Quote: Q6289 - 17 Toilet Block Cleaning,G,0.1,,,1,2805,3085.5,0,3085.5,280.5,1,1,201,KINP,3325,Toliet Pumpout Costs,0,201.KINP.3325.0,False,,,,,,,,,,,,,,,,,,,C,,,,,,,2,Receipt First,True,
9,O,,,,,,,,Quote: Q6289 - 17 Toilet Block Cleaning,G,0.1,,,1,2805,3085.5,0,3085.5,280.5,1,1,201,KINP,3325,Toliet Pumpout Costs,0,201.KINP.3325.0,False,,,,,,,,,,,,,,,,,,,C,,,,,,,2,Receipt First,True,
1,O,,,,,,,,Quote: Q6289 - 260 Chemical Toilet Fresh Water Flush - Service,G,0.1,,,1,9100,10010,0,10010,910,1,1,201,KINP,3325,Toliet Pumpout Costs,0,201.KINP.3325.0,False,,,,,,,,,,,,,,,,,,,C,,,,,,,2,Receipt First,True,
4,O,,,,,,,,Quote: Q6289 - 260 Chemical Toilet Fresh Water Flush - Service,G,0.1,,,1,9100,10010,0,10010,910,1,1,201,KINP,3325,Toliet Pumpout Costs,0,201.KINP.3325.0,False,,,,,,,,,,,,,,,,,,,C,,,,,,,2,Receipt First,True,
7,O,,,,,,,,Quote: Q6289 - 260 Chemical Toilet Fresh Water Flush - Service,G,0.1,,,1,9100,10010,0,10010,910,1,1,201,KINP,3325,Toliet Pumpout Costs,0,201.KINP.3325.0,False,,,,,,,,,,,,,,,,,,,C,,,,,,,2,Receipt First,True,
2,O,,,,,,,,Quote: Q6289 - 8 Holding tank pump out and disposal,G,0.1,,,1,1640,1804,0,1804,164,1,1,201,KINP,3325,Toliet Pumpout Costs,0,201.KINP.3325.0,False,,,,,,,,,,,,,,,,,,,C,,,,,,,2,Receipt First,False,
5,O,,,,,,,,Quote: Q6289 - 8 Holding tank pump out and disposal,G,0.1,,,1,1640,1804,0,1804,164,1,1,201,KINP,3325,Toliet Pumpout Costs,0,201.KINP.3325.0,False,,,,,,,,,,,,,,,,,,,C,,,,,,,2,Receipt First,True,
8,O,,,,,,,,Quote: Q6289 - 8 Holding tank pump out and disposal,G,0.1,,,1,1640,1804,0,1804,164,1,1,201,KINP,3325,Toliet Pumpout Costs,0,201.KINP.3325.0,False,,,,,,,,,,,,,,,,,,,C,,,,,,,2,Receipt First,True,
