purchase_order_description,amount_aud
GC500 Fence Week 6 As per quote 26181 Terms & Conditions,8928.23
INV 88776,28.68
GC500 Fence Week 5 As per quote 26181 Terms & Conditions,43315.69
GC500 Fence Week 4 As per quote 26181 Terms & Conditions,21996.34
GC500 Fence Week 3 As per quote 26181 Terms & Conditions,54004.01
GC500 Fence Week 2 As per quote 26181 Terms & Conditions,23783.19
GC500 Fence Week 1 As per quote 26181 Terms & Conditions,63212.13
GC500 Fence Event Week  As per quote 26181 Terms & Conditions,95811.62
GC041125 - Bumpout week 1,14147.33
GC500 Fence Bump Out Week 2  As per quote 26181 Terms & Conditions,5130.40
INV GC181125- GC500 Fence Bump Out Week 3  As per quote 26181 Terms & Conditions,4308.70
