Product Family Name,Product Name,Product Category,Product Variant Name,SKU Item Barcode Value,Quantity
Cement Safety,Cement Safety,Rental,DIPHOTERINE EYE WASH 50ML EXP 2028-05-12,DIPH50K2001,1
Cement Safety,Cement Safety,Rental,DIPHOTERINE EYE WASH 50ML EXP 2028-05-12,DIPH50K2002,1
Cement Safety,Cement Safety,Rental,DIPHOTERINE EYE WASH 50ML EXP 2028-05-12,DIPH50K2003,1
Cement Safety,Cement Safety,Rental,DIPHOTERINE EYE WASH 50ML EXP 2028-05-12,DIPH50K2004,1
Cement Safety,Cement Safety,Rental,DIPHOTERINE EYE WASH 50ML EXP 2028-05-12,DIPH50K2005,1
Cement Safety,Cement Safety,Rental,DIPHOTERINE EYE WASH 50ML EXP 2028-05-12,DIPH50K2006,1
Cement Safety,Cement Safety,Rental,DIPHOTERINE EYE WASH 50ML EXP 2028-05-12,DIPH50K2007,1
Cement Safety,Cement Safety,Rental,DIPHOTERINE EYE WASH 50ML EXP 2028-05-12,DIPH50K2008,1
Cement Safety,Cement Safety,Rental,DIPHOTERINE EYE WASH 50ML EXP 2028-05-12,DIPH50K2009,1
Cement Safety,Cement Safety,Rental,DIPHOTERINE EYE WASH 50ML EXP 2028-05-12,DIPH50K2010,1
Cement Safety,Cement Safety,Rental,DIPHOTERINE EYE WASH 50ML EXP 2028-05-12,DIPH50K2011,1
Cement Safety,Cement Safety,Rental,DIPHOTERINE EYE WASH 50ML EXP 2028-05-12,DIPH50K2012,1
Cement Safety,Cement Safety,Rental,DIPHOTERINE EYE WASH 50ML EXP 2028-05-12,DIPH50K2013,1
Cement Safety,Cement Safety,Rental,DIPHOTERINE EYE WASH 50ML EXP 2028-05-12,DIPH50K2014,1
Cement Safety,Cement Safety,Rental,DIPHOTERINE MICRO DAP 100ML EXP 2027-10-14,DIPHMDK2001,1
Cement Safety,Cement Safety,Rental,DIPHOTERINE MICRO DAP 100ML EXP 2027-10-14,DIPHMDK2002,1
Cement Safety,Cement Safety,Rental,DIPHOTERINE MICRO DAP 100ML EXP 2027-10-14,DIPHMDK2003,1
Cement Safety,Cement Safety,Rental,DIPHOTERINE MICRO DAP 100ML EXP 2027-10-14,DIPHMDK2004,1
Cement Safety,Cement Safety,Rental,DIPHOTERINE MICRO DAP 100ML EXP 2027-10-14,DIPHMDK2005,1
Cement Safety,Cement Safety,Rental,DIPHOTERINE MICRO DAP 100ML EXP 2027-10-14,DIPHMDK2006,1
Cement Safety,Cement Safety,Rental,DIPHOTERINE MICRO DAP 100ML EXP 2027-10-14,DIPHMDK2007,1
Cement Safety,Cement Safety,Rental,DIPHOTERINE MICRO DAP 100ML EXP 2027-10-14,DIPHMDK2008,1
Cement Safety,Cement Safety,Rental,DIPHOTERINE MICRO DAP 100ML EXP 2027-10-14,DIPHMDK2009,1
Cement Safety,Cement Safety,Rental,DIPHOTERINE MICRO DAP 100ML EXP 2027-10-14,DIPHMDK2010,1
Cement Safety,Cement Safety,Rental,DIPHOTERINE MICRO DAP 100ML EXP 2027-10-14,DIPHMDK2011,1
Cement Safety,Cement Safety,Rental,DIPHOTERINE MICRO DAP 100ML EXP 2027-10-14,DIPHMDK2012,1
Cement Safety,Cement Safety,Rental,DIPHOTERINE MICRO DAP 100ML EXP 2027-10-14,DIPHMDK2013,1
Cement Safety,Cement Safety,Rental,DIPHOTERINE MICRO DAP 100ML EXP 2027-10-14,DIPHMDK2014,1
Cement Safety,Cement Safety,Rental,DIPHOTERINE MICRO DAP 100ML EXP 2027-10-14,DIPHMDK2015,1
Cement Safety,Cement Safety,Rental,DIPHOTERINE MICRO DAP 100ML EXP 2027-10-14,DIPHMDK2016,1
Cement Safety,Cement Safety,Rental,DIPHOTERINE MICRO DAP 100ML EXP 2027-10-14,DIPHMDK2017,1
Cement Safety,Cement Safety,Rental,DIPHOTERINE MICRO DAP 100ML EXP 2027-11-18,DIPHMDK2018,1
